<?xml version="1.0" encoding="utf-8" ?>
<dwsync>
<file name="map-icon-2.png" server="202.0.103.90/mssinfotech.com/wwwroot/" local="130362924010000000" remote="130431260400000000" Dst="2" />
<file name="map-icon-3.png" server="202.0.103.90/mssinfotech.com/wwwroot/" local="130362924020000000" remote="130431260400000000" Dst="2" />
<file name="map-icon-4.png" server="202.0.103.90/mssinfotech.com/wwwroot/" local="130362924020000000" remote="130431260400000000" Dst="2" />
<file name="map-icon-5.png" server="202.0.103.90/mssinfotech.com/wwwroot/" local="130362924020000000" remote="130431260400000000" Dst="2" />
<file name="map-icon-2.png" server="mrbangurhospital.gov.in/public_html/dr_site/" local="131344822501301102" remote="131344824600000000" Dst="0" />
<file name="map-icon-3.png" server="mrbangurhospital.gov.in/public_html/dr_site/" local="131344822501471111" remote="131344824600000000" Dst="0" />
<file name="map-icon-4.png" server="mrbangurhospital.gov.in/public_html/dr_site/" local="131344822501611119" remote="131344824600000000" Dst="0" />
<file name="map-icon-5.png" server="mrbangurhospital.gov.in/public_html/dr_site/" local="131344822501781129" remote="131344824600000000" Dst="0" />
<file name="Thumbs.db" server="mrbangurhospital.gov.in/public_html/dr_site/" local="131344822502061145" remote="131344824600000000" Dst="0" />
</dwsync>