<?xml version="1.0" encoding="utf-8" ?>
<dwsync>
<file name="email_template.php" server="202.0.103.90/mssinfotech.com/wwwroot/" local="130415025803177203" remote="130431261600000000" Dst="-1" />
<file name="setting.php" server="202.0.103.90/mssinfotech.com/wwwroot/" local="130416760898439451" remote="130431261600000000" Dst="-1" />
<file name="setting_social.php" server="ftp.mssinfotech.co.uk/public_html/favorchat/" local="130669140530869141" remote="130669626000000000" Dst="-1" />
<file name="setting_email.php" server="ftp.mssinfotech.co.uk/public_html/favorchat/" local="130669140390097656" remote="130669626600000000" Dst="-1" />
<file name="email_template.php" server="ftp.mssinfotech.co.uk/public_html/favorchat/" local="130669156921953125" remote="130669642200000000" Dst="-1" />
<file name="admin_user.php" server="mssinfotech.co.uk/public_html/epooja/" local="130619034440000000" remote="130691418000000000" Dst="0" />
<file name="calendar.php" server="mssinfotech.co.uk/public_html/epooja/" local="130694985862385683" remote="130695366600000000" Dst="1" />
<file name="email_template.php" server="mssinfotech.co.uk/public_html/epooja/" local="130668670940000000" remote="130691418000000000" Dst="0" />
<file name="manage_menu.php" server="mssinfotech.co.uk/public_html/epooja/" local="130688434442073069" remote="130691418000000000" Dst="0" />
<file name="media.php" server="mssinfotech.co.uk/public_html/epooja/" local="130691464462877510" remote="130691464200000000" Dst="0" />
<file name="roll.php" server="mssinfotech.co.uk/public_html/epooja/" local="130619034440000000" remote="130691418000000000" Dst="0" />
<file name="setting.php" server="mssinfotech.co.uk/public_html/epooja/" local="130698643321324654" remote="130699129200000000" Dst="1" />
<file name="setting_email.php" server="mssinfotech.co.uk/public_html/epooja/" local="130668654400000000" remote="130691418000000000" Dst="0" />
<file name="setting_social.php" server="mssinfotech.co.uk/public_html/epooja/" local="130668654540000000" remote="130691418000000000" Dst="0" />
<file name="contact.php" server="mssinfotech.co.uk/public_html/epooja/" local="130694995027525131" remote="130695366600000000" Dst="1" />
<file name="customize.php" server="mssinfotech.co.uk/public_html/epooja/" local="130695084677237524" remote="130695453000000000" Dst="1" />
<file name="setting_social.php" server="mssinfotech.co.uk/public_html/gurbaniitsolutions.com/jssgiwfom/" local="131025191775175781" remote="131025191650000000" Dst="0" />
<file name="roll.php" server="mssinfotech.in/public_html/mssinfotech.in/sjdaweb/" local="131278515464621279" remote="131278188600000000" Dst="0" />
<file name="setting.php" server="mssinfotech.in/public_html/mssinfotech.in/sjdaweb/" local="131282093427176277" remote="131281715400000000" Dst="0" />
<file name="manage_menu.php" server="mssinfotech.in/public_html/mssinfotech.in/sjdaweb/" local="131282093830304415" remote="131281715400000000" Dst="0" />
<file name="admin_user.php" server="mssinfotech.in/public_html/mssinfotech.in/sjdaweb/" local="131293037537626260" remote="131292659400000000" Dst="0" />
<file name="admin_user.php" server="mssinfotech.in/public_html/mssinfotech.in/women_empowerment/" local="131328306630130295" remote="131327914200000000" Dst="0" />
<file name="calendar.php" server="mssinfotech.in/public_html/mssinfotech.in/women_empowerment/" local="131328306629430064" remote="131327914200000000" Dst="0" />
<file name="contact.php" server="mssinfotech.in/public_html/mssinfotech.in/women_empowerment/" local="131328306631530474" remote="131327914200000000" Dst="0" />
<file name="content_type.php" server="mssinfotech.in/public_html/mssinfotech.in/women_empowerment/" local="131328306630850426" remote="131327914200000000" Dst="0" />
<file name="cms.php" server="mssinfotech.in/public_html/mssinfotech.in/women_empowerment/" local="131328306629030033" remote="131327914200000000" Dst="0" />
<file name="content.php" server="mssinfotech.in/public_html/mssinfotech.in/women_empowerment/" local="131328306633390605" remote="131327914200000000" Dst="0" />
<file name="customize.php" server="mssinfotech.in/public_html/mssinfotech.in/women_empowerment/" local="131328306631250474" remote="131327914200000000" Dst="0" />
<file name="email_template.php" server="mssinfotech.in/public_html/mssinfotech.in/women_empowerment/" local="131328306631750491" remote="131327914200000000" Dst="0" />
<file name="manage_menu.php" server="mssinfotech.in/public_html/mssinfotech.in/women_empowerment/" local="131328306627969957" remote="131327914200000000" Dst="0" />
<file name="media.php" server="mssinfotech.in/public_html/mssinfotech.in/women_empowerment/" local="131328306633710639" remote="131327914200000000" Dst="0" />
<file name="error_log" server="mssinfotech.in/public_html/mssinfotech.in/women_empowerment/" local="131328306633510606" remote="131327914200000000" Dst="0" />
<file name="roll.php" server="mssinfotech.in/public_html/mssinfotech.in/women_empowerment/" local="131328306632650575" remote="131327914200000000" Dst="0" />
<file name="setting.php" server="mssinfotech.in/public_html/mssinfotech.in/women_empowerment/" local="131328306629210046" remote="131328342600000000" Dst="0" />
<file name="setting_social.php" server="mssinfotech.in/public_html/mssinfotech.in/women_empowerment/" local="131328306631030439" remote="131327919600000000" Dst="0" />
<file name="setting_email.php" server="mssinfotech.in/public_html/mssinfotech.in/women_empowerment/" local="131328306631930498" remote="131327919600000000" Dst="0" />
<file name="cms.php" server="mssinfotech.co.uk/public_html/dr_website/" local="131333633504786242" remote="131333633520000000" Dst="0" />
<file name="admin_user.php" server="mssinfotech.co.uk/public_html/dr_website/" local="131330152810000000" remote="131330152830000000" Dst="0" />
<file name="calendar.php" server="mssinfotech.co.uk/public_html/dr_website/" local="131328306640000000" remote="131329100240000000" Dst="0" />
<file name="contact.php" server="mssinfotech.co.uk/public_html/dr_website/" local="131330119830030281" remote="131330119870000000" Dst="0" />
<file name="content.php" server="mssinfotech.co.uk/public_html/dr_website/" local="131330016212566558" remote="131330016220000000" Dst="0" />
<file name="content_type.php" server="mssinfotech.co.uk/public_html/dr_website/" local="131329954055761392" remote="131329954060000000" Dst="0" />
<file name="customize.php" server="mssinfotech.co.uk/public_html/dr_website/" local="131328306640000000" remote="131329100280000000" Dst="0" />
<file name="email_template.php" server="mssinfotech.co.uk/public_html/dr_website/" local="131331040338187837" remote="131331040340000000" Dst="0" />
<file name="error_log" server="mssinfotech.co.uk/public_html/dr_website/" local="131328306640000000" remote="131329100300000000" Dst="0" />
<file name="manage_menu.php" server="mssinfotech.co.uk/public_html/dr_website/" local="131328306640000000" remote="131329100310000000" Dst="0" />
<file name="media.php" server="mssinfotech.co.uk/public_html/dr_website/" local="131330263166588663" remote="131330263180000000" Dst="0" />
<file name="roll.php" server="mssinfotech.co.uk/public_html/dr_website/" local="131330172429158779" remote="131330172450000000" Dst="0" />
<file name="setting.php" server="mssinfotech.co.uk/public_html/dr_website/" local="131331005410780104" remote="131331005410000000" Dst="0" />
<file name="setting_email.php" server="mssinfotech.co.uk/public_html/dr_website/" local="131331015830236063" remote="131331015860000000" Dst="0" />
<file name="setting_social.php" server="mssinfotech.co.uk/public_html/dr_website/" local="131331015271684115" remote="131331015280000000" Dst="0" />
<file name="slider.php" server="mssinfotech.co.uk/public_html/dr_website/" local="131330034821940953" remote="131330034840000000" Dst="0" />
<file name="slider_content.php" server="mssinfotech.co.uk/public_html/dr_website/" local="131330093083530469" remote="131330093100000000" Dst="0" />
<file name="new_setting.php" server="mssinfotech.co.uk/public_html/dr_website/" local="131330231390231160" remote="131330231420000000" Dst="0" />
<file name="language.php" server="mssinfotech.co.uk/public_html/dr_website/" local="131331040937262102" remote="131331040940000000" Dst="0" />
<file name="contact.php" server="mrbangurhospital.gov.in/public_html/dr_site/" local="131344822784687310" remote="131344826400000000" Dst="0" />
<file name="admin_user.php" server="mrbangurhospital.gov.in/public_html/dr_site/" local="131344822776616849" remote="131344826400000000" Dst="0" />
<file name="calendar.php" server="mrbangurhospital.gov.in/public_html/dr_site/" local="131344822777316889" remote="131344826400000000" Dst="0" />
<file name="cms.php" server="mrbangurhospital.gov.in/public_html/dr_site/" local="131344822782107163" remote="131344826400000000" Dst="0" />
<file name="content.php" server="mrbangurhospital.gov.in/public_html/dr_site/" local="131344822787607477" remote="131344826400000000" Dst="0" />
<file name="content_type.php" server="mrbangurhospital.gov.in/public_html/dr_site/" local="131344822790677653" remote="131344826400000000" Dst="0" />
<file name="email_template.php" server="mrbangurhospital.gov.in/public_html/dr_site/" local="131344822794217855" remote="131344826400000000" Dst="0" />
<file name="customize.php" server="mrbangurhospital.gov.in/public_html/dr_site/" local="131344822791907723" remote="131344826400000000" Dst="0" />
<file name="language.php" server="mrbangurhospital.gov.in/public_html/dr_site/" local="131344822812678911" remote="131344826400000000" Dst="0" />
<file name="email_temp_bk.php" server="mrbangurhospital.gov.in/public_html/dr_site/" local="131344822812028874" remote="131344826400000000" Dst="0" />
<file name="media.php" server="mrbangurhospital.gov.in/public_html/dr_site/" local="131344822799928182" remote="131344826400000000" Dst="0" />
<file name="error_log" server="mrbangurhospital.gov.in/public_html/dr_site/" local="131344822794717884" remote="131344826400000000" Dst="0" />
<file name="manage_menu.php" server="mrbangurhospital.gov.in/public_html/dr_site/" local="131344822797848063" remote="131344826400000000" Dst="0" />
<file name="new_setting.php" server="mrbangurhospital.gov.in/public_html/dr_site/" local="131344822811498844" remote="131344826400000000" Dst="0" />
<file name="package_category.php" server="mrbangurhospital.gov.in/public_html/dr_site/" local="131344822813358950" remote="131344826400000000" Dst="0" />
<file name="package.php" server="mrbangurhospital.gov.in/public_html/dr_site/" local="131344822810808804" remote="131344826400000000" Dst="0" />
<file name="roll.php" server="mrbangurhospital.gov.in/public_html/dr_site/" local="131344822803728399" remote="131344826400000000" Dst="0" />
<file name="setting.php" server="mrbangurhospital.gov.in/public_html/dr_site/" local="131344822805908524" remote="131344826400000000" Dst="0" />
<file name="setting_email.php" server="mrbangurhospital.gov.in/public_html/dr_site/" local="131344822807308604" remote="131344826400000000" Dst="0" />
<file name="setting_social.php" server="mrbangurhospital.gov.in/public_html/dr_site/" local="131344822808058647" remote="131344826400000000" Dst="0" />
<file name="slider.php" server="mrbangurhospital.gov.in/public_html/dr_site/" local="131344822808898695" remote="131344826400000000" Dst="0" />
<file name="slider_content.php" server="mrbangurhospital.gov.in/public_html/dr_site/" local="131344834108324985" remote="131344833600000000" Dst="0" />
<file name="transaction.php" server="mrbangurhospital.gov.in/public_html/dr_site/" local="131344822814859036" remote="131344827000000000" Dst="0" />
<file name="gallery.php" server="mrbangurhospital.gov.in/public_html/dr_site/" local="131344847963947482" remote="131344847400000000" Dst="0" />
<file name="category.php" server="willletter.com/public_html/inderiya/" local="131346580221331695" remote="131346582590000000" Dst="0" />
<file name="category_detail.php" server="willletter.com/public_html/inderiya/" local="131346594246513890" remote="131346594280000000" Dst="0" />
<file name="package_category.php" server="willletter.com/public_html/inderiya/" local="131347251557473729" remote="131347251630000000" Dst="0" />
<file name="package.php" server="willletter.com/public_html/inderiya/" local="131348099870645767" remote="131348099950000000" Dst="0" />
<file name="setting.php" server="willletter.com/public_html/inderiya/" local="131348159626037715" remote="131348159670000000" Dst="0" />
<file name="setting_social.php" server="willletter.com/public_html/inderiya/" local="131344822808058647" remote="131348157070000000" Dst="0" />
</dwsync>