<?xml version="1.0" encoding="utf-8" ?>
<dwsync>
<file name="dialog.css" server="mrbangurhospital.gov.in/public_html/dr_site/" local="131344822760775943" remote="131344826400000000" Dst="0" />
<file name="dialog_ie.css" server="mrbangurhospital.gov.in/public_html/dr_site/" local="131344822760995955" remote="131344826400000000" Dst="0" />
<file name="dialog_ie7.css" server="mrbangurhospital.gov.in/public_html/dr_site/" local="131344822761215968" remote="131344826400000000" Dst="0" />
<file name="dialog_ie8.css" server="mrbangurhospital.gov.in/public_html/dr_site/" local="131344822761445981" remote="131344826400000000" Dst="0" />
<file name="dialog_iequirks.css" server="mrbangurhospital.gov.in/public_html/dr_site/" local="131344822761665994" remote="131344826400000000" Dst="0" />
<file name="dialog_opera.css" server="mrbangurhospital.gov.in/public_html/dr_site/" local="131344822761896007" remote="131344826400000000" Dst="0" />
<file name="editor.css" server="mrbangurhospital.gov.in/public_html/dr_site/" local="131344822762136020" remote="131344826400000000" Dst="0" />
<file name="editor_gecko.css" server="mrbangurhospital.gov.in/public_html/dr_site/" local="131344822762376034" remote="131344826400000000" Dst="0" />
<file name="editor_ie.css" server="mrbangurhospital.gov.in/public_html/dr_site/" local="131344822762616048" remote="131344826400000000" Dst="0" />
<file name="editor_ie7.css" server="mrbangurhospital.gov.in/public_html/dr_site/" local="131344822762866062" remote="131344826400000000" Dst="0" />
<file name="editor_ie8.css" server="mrbangurhospital.gov.in/public_html/dr_site/" local="131344822763126077" remote="131344826400000000" Dst="0" />
<file name="editor_iequirks.css" server="mrbangurhospital.gov.in/public_html/dr_site/" local="131344822763346090" remote="131344826400000000" Dst="0" />
<file name="icons.png" server="mrbangurhospital.gov.in/public_html/dr_site/" local="131344822763526100" remote="131344826400000000" Dst="0" />
<file name="icons_hidpi.png" server="mrbangurhospital.gov.in/public_html/dr_site/" local="131344822763696110" remote="131344826400000000" Dst="0" />
<file name="readme.md" server="mrbangurhospital.gov.in/public_html/dr_site/" local="131344822763866119" remote="131344826400000000" Dst="0" />
</dwsync>