<?xml version="1.0" encoding="utf-8" ?>
<dwsync>
<file name="logo-fade.png" server="202.0.103.90/mssinfotech.com/wwwroot/" local="130362923990000000" remote="130431260400000000" Dst="2" />
<file name="logo-red.png" server="202.0.103.90/mssinfotech.com/wwwroot/" local="130362923990000000" remote="130431260400000000" Dst="2" />
<file name="logo-fade.png" server="mssinfotech.co.uk/public_html/epooja/" local="130695088248847205" remote="130695453600000000" Dst="1" />
<file name="logo-white.png" server="mssinfotech.co.uk/public_html/epooja/" local="130695088046954445" remote="130695453600000000" Dst="1" />
<file name="logo-red.png" server="mssinfotech.co.uk/public_html/epooja/" local="130695087684104359" remote="130695453600000000" Dst="1" />
<file name="logo-fade.png" server="mrbangurhospital.gov.in/public_html/dr_site/" local="131344822499350990" remote="131344824600000000" Dst="0" />
<file name="logo-red.png" server="mrbangurhospital.gov.in/public_html/dr_site/" local="131344822499510999" remote="131344824600000000" Dst="0" />
<file name="logo-white.png" server="mrbangurhospital.gov.in/public_html/dr_site/" local="131344822499671008" remote="131344824600000000" Dst="0" />
<file name="Thumbs.db" server="mrbangurhospital.gov.in/public_html/dr_site/" local="131344822499901021" remote="131344824600000000" Dst="0" />
</dwsync>