<?xml version="1.0" encoding="utf-8" ?>
<dwsync>
<file name="icomoon.eot" server="202.0.103.90/mssinfotech.com/wwwroot/" local="130362923300000000" remote="130431260400000000" Dst="2" />
<file name="icomoon.ttf" server="202.0.103.90/mssinfotech.com/wwwroot/" local="130362923330000000" remote="130431260400000000" Dst="2" />
<file name="icomoon.svg" server="202.0.103.90/mssinfotech.com/wwwroot/" local="130362923320000000" remote="130431260400000000" Dst="2" />
<file name="icomoon.woff" server="202.0.103.90/mssinfotech.com/wwwroot/" local="130362923330000000" remote="130431260400000000" Dst="2" />
<file name="icomoond41d.eot" server="202.0.103.90/mssinfotech.com/wwwroot/" local="130362923300000000" remote="130431260400000000" Dst="2" />
<file name="icomoon.eot" server="mrbangurhospital.gov.in/public_html/dr_site/" local="131344822473429507" remote="131344824000000000" Dst="0" />
<file name="icomoon.ttf" server="mrbangurhospital.gov.in/public_html/dr_site/" local="131344822475309615" remote="131344824000000000" Dst="0" />
<file name="icomoon.woff" server="mrbangurhospital.gov.in/public_html/dr_site/" local="131344822476029656" remote="131344824000000000" Dst="0" />
<file name="icomoond41d.eot" server="mrbangurhospital.gov.in/public_html/dr_site/" local="131344822476739697" remote="131344824000000000" Dst="0" />
<file name="icomoon.svg" server="mrbangurhospital.gov.in/public_html/dr_site/" local="131344822474559572" remote="131344824000000000" Dst="0" />
</dwsync>