<?xml version="1.0" encoding="utf-8" ?>
<dwsync>
<file name="blank.gif" server="mrbangurhospital.gov.in/public_html/dr_site/" local="131344823096435141" remote="131344823400000000" Dst="0" />
<file name="fancy_nav_left.png" server="mrbangurhospital.gov.in/public_html/dr_site/" local="131344823096875166" remote="131344823400000000" Dst="0" />
<file name="fancy_nav_right.png" server="mrbangurhospital.gov.in/public_html/dr_site/" local="131344823097025175" remote="131344823400000000" Dst="0" />
<file name="fancy_loading.png" server="mrbangurhospital.gov.in/public_html/dr_site/" local="131344823096725158" remote="131344823400000000" Dst="0" />
<file name="fancy_shadow_e.png" server="mrbangurhospital.gov.in/public_html/dr_site/" local="131344823097185184" remote="131344823400000000" Dst="0" />
<file name="fancy_close.png" server="mrbangurhospital.gov.in/public_html/dr_site/" local="131344823096575149" remote="131344823400000000" Dst="0" />
<file name="fancy_shadow_n.png" server="mrbangurhospital.gov.in/public_html/dr_site/" local="131344823097335193" remote="131344823400000000" Dst="0" />
<file name="fancy_shadow_ne.png" server="mrbangurhospital.gov.in/public_html/dr_site/" local="131344823097485201" remote="131344823400000000" Dst="0" />
<file name="fancy_shadow_nw.png" server="mrbangurhospital.gov.in/public_html/dr_site/" local="131344823097645210" remote="131344823400000000" Dst="0" />
<file name="fancy_shadow_s.png" server="mrbangurhospital.gov.in/public_html/dr_site/" local="131344823097805220" remote="131344823400000000" Dst="0" />
<file name="fancy_shadow_se.png" server="mrbangurhospital.gov.in/public_html/dr_site/" local="131344823097955228" remote="131344823400000000" Dst="0" />
<file name="fancy_shadow_sw.png" server="mrbangurhospital.gov.in/public_html/dr_site/" local="131344823098085236" remote="131344823400000000" Dst="0" />
</dwsync>