<?xml version="1.0" encoding="utf-8" ?>
<dwsync>
<file name="ajax.php" server="mssinfotech.in/public_html/mssinfotech.in/sjdaweb/" local="131296770143110457" remote="131296392000000000" Dst="0" />
<file name="dashboard.php" server="mssinfotech.in/public_html/mssinfotech.in/sjdaweb/" local="131292968491406698" remote="131292590400000000" Dst="0" />
<file name="ajax.php" server="mssinfotech.co.uk/public_html/dr_website/" local="131328306620000000" remote="131329096940000000" Dst="0" />
<file name="dashboard.php" server="mssinfotech.co.uk/public_html/dr_website/" local="131331059283201430" remote="131331059290000000" Dst="0" />
<file name="error_log" server="mssinfotech.co.uk/public_html/dr_website/" local="131328306620000000" remote="131329097060000000" Dst="0" />
<file name="index.php" server="mssinfotech.co.uk/public_html/dr_website/" local="131328306620000000" remote="131329097630000000" Dst="0" />
<file name="login.php" server="mssinfotech.co.uk/public_html/dr_website/" local="131328306620000000" remote="131329100220000000" Dst="0" />
<file name="logout.php" server="mssinfotech.co.uk/public_html/dr_website/" local="131328306620000000" remote="131329100220000000" Dst="0" />
<file name="ms_header.php" server="mssinfotech.co.uk/public_html/dr_website/" local="131331070393976930" remote="131331070690000000" Dst="0" />
<file name="ms_js.php" server="mssinfotech.co.uk/public_html/dr_website/" local="131328306620000000" remote="131329100360000000" Dst="0" />
<file name="ms_meta.php" server="mssinfotech.co.uk/public_html/dr_website/" local="131328306620000000" remote="131329100370000000" Dst="0" />
<file name="ms_side.php" server="mssinfotech.co.uk/public_html/dr_website/" local="131330009675782675" remote="131330009680000000" Dst="0" />
<file name="dashboard.php" server="mrbangurhospital.gov.in/public_html/dr_site/" local="131344832490722464" remote="131344832400000000" Dst="0" />
<file name="ajax.php" server="mrbangurhospital.gov.in/public_html/dr_site/" local="131344822437387446" remote="131344823400000000" Dst="0" />
<file name="error_log" server="mrbangurhospital.gov.in/public_html/dr_site/" local="131344822438117488" remote="131344824000000000" Dst="0" />
<file name="index.php" server="mrbangurhospital.gov.in/public_html/dr_site/" local="131344822438827528" remote="131344824600000000" Dst="0" />
<file name="login.php" server="mrbangurhospital.gov.in/public_html/dr_site/" local="131344822439937592" remote="131344826400000000" Dst="0" />
<file name="logout.php" server="mrbangurhospital.gov.in/public_html/dr_site/" local="131344822440377617" remote="131344826400000000" Dst="0" />
<file name="ms_header - Copy.php" server="mrbangurhospital.gov.in/public_html/dr_site/" local="131344822441077657" remote="131344827000000000" Dst="0" />
<file name="ms_header.php" server="mrbangurhospital.gov.in/public_html/dr_site/" local="131344822441317671" remote="131344827000000000" Dst="0" />
<file name="ms_js.php" server="mrbangurhospital.gov.in/public_html/dr_site/" local="131344822441877703" remote="131344827000000000" Dst="0" />
<file name="ms_meta.php" server="mrbangurhospital.gov.in/public_html/dr_site/" local="131344822442737752" remote="131344827000000000" Dst="0" />
<file name="ms_side.php" server="mrbangurhospital.gov.in/public_html/dr_site/" local="131344822443517797" remote="131344827000000000" Dst="0" />
</dwsync>