<?xml version="1.0" encoding="utf-8" ?>
<dwsync>
<file name="zocial-regular-webfont.eot" server="202.0.103.90/mssinfotech.com/wwwroot/" local="130362923520000000" remote="130431260400000000" Dst="2" />
<file name="zocial-regular-webfont.ttf" server="202.0.103.90/mssinfotech.com/wwwroot/" local="130362923530000000" remote="130431260400000000" Dst="2" />
<file name="zocial-regular-webfont.svg" server="202.0.103.90/mssinfotech.com/wwwroot/" local="130362923530000000" remote="130431260400000000" Dst="2" />
<file name="zocial.css" server="202.0.103.90/mssinfotech.com/wwwroot/" local="130362923530000000" remote="130431260400000000" Dst="2" />
<file name="zocial-regular-webfont.eot" server="mrbangurhospital.gov.in/public_html/dr_site/" local="131344822488260356" remote="131344824000000000" Dst="0" />
<file name="zocial-regular-webfont.ttf" server="mrbangurhospital.gov.in/public_html/dr_site/" local="131344822488630377" remote="131344824000000000" Dst="0" />
<file name="zocial-regular-webfont.svg" server="mrbangurhospital.gov.in/public_html/dr_site/" local="131344822488440366" remote="131344824000000000" Dst="0" />
<file name="zocial.css" server="mrbangurhospital.gov.in/public_html/dr_site/" local="131344822488920393" remote="131344824000000000" Dst="0" />
</dwsync>