<?xml version="1.0" encoding="utf-8" ?>
<dwsync>
<file name="glyphicons-regular.eot" server="202.0.103.90/mssinfotech.com/wwwroot/" local="130362923070000000" remote="130431259800000000" Dst="2" />
<file name="glyphicons-regular.ttf" server="202.0.103.90/mssinfotech.com/wwwroot/" local="130362923070000000" remote="130431259800000000" Dst="2" />
<file name="glyphicons-regular.svg" server="202.0.103.90/mssinfotech.com/wwwroot/" local="130362923070000000" remote="130431259800000000" Dst="2" />
<file name="glyphicons.min.css" server="202.0.103.90/mssinfotech.com/wwwroot/" local="130362923080000000" remote="130431259800000000" Dst="2" />
<file name="glyphicons-regular.woff" server="202.0.103.90/mssinfotech.com/wwwroot/" local="130362923070000000" remote="130431260400000000" Dst="2" />
<file name="glyphicons-regulard41d.eot" server="202.0.103.90/mssinfotech.com/wwwroot/" local="130362923070000000" remote="130431260400000000" Dst="2" />
<file name="glyphicons-regular.eot" server="mrbangurhospital.gov.in/public_html/dr_site/" local="131344822455398476" remote="131344824000000000" Dst="0" />
<file name="glyphicons-regular.ttf" server="mrbangurhospital.gov.in/public_html/dr_site/" local="131344822459568715" remote="131344824000000000" Dst="0" />
<file name="glyphicons-regular.svg" server="mrbangurhospital.gov.in/public_html/dr_site/" local="131344822456478538" remote="131344824000000000" Dst="0" />
<file name="glyphicons-regular.woff" server="mrbangurhospital.gov.in/public_html/dr_site/" local="131344822460178749" remote="131344824000000000" Dst="0" />
<file name="glyphicons.min.css" server="mrbangurhospital.gov.in/public_html/dr_site/" local="131344822461818843" remote="131344824000000000" Dst="0" />
<file name="glyphicons-regulard41d.eot" server="mrbangurhospital.gov.in/public_html/dr_site/" local="131344822460818786" remote="131344824000000000" Dst="0" />
</dwsync>